,timestamp,voltage,current,label,pass
0,2022-01-01 00:00:00,0.19278384755696532,0.9915095906852592,nSYurIhRxK,False
1,2022-01-01 00:00:01,0.6816291570874283,0.6796530536110132,HGseJZwvcP,False
2,2022-01-01 00:00:02,0.7198209049033222,0.40046731878990216,EWSSBVTXHM,True
3,2022-01-01 00:00:03,0.3776875411131312,0.9882823923987347,ogDuArbWsb,True
4,2022-01-01 00:00:04,0.0847635791578214,0.26401589093741473,levqlCPVkq,False
5,2022-01-01 00:00:05,0.15024337427192902,0.37027484894824225,PnupzoHUuZ,False
6,2022-01-01 00:00:06,0.5270929066834532,0.5216531792338998,azYWgWkHGW,True
7,2022-01-01 00:00:07,0.1964362739109643,0.963818916371226,LEOFoDXDNg,False
8,2022-01-01 00:00:08,0.30333871151508307,0.40998789067087116,YpRrRdVbva,False
9,2022-01-01 00:00:09,0.39482474754514774,0.46473614281355324,kRRYyjMLoQ,True
10,2022-01-01 00:00:10,0.301794164361035,0.040020930740754745,FNroORZcPQ,True
11,2022-01-01 00:00:11,0.9392584814813997,0.7857273598455967,enjJncVUMI,False
12,2022-01-01 00:00:12,0.7636645961108145,0.09519382576943813,IHgMRFnDDX,True
13,2022-01-01 00:00:13,0.21519167762268165,0.8987387973075147,FQSqcDRlkz,True
14,2022-01-01 00:00:14,0.9669063309743504,0.18268812626649533,KTkkRhyTIl,True
15,2022-01-01 00:00:15,0.39650970567060717,0.049344000018255785,ZnYgsSyDPc,True
16,2022-01-01 00:00:16,0.3808885756310906,0.09879217423997011,avtIkifWPU,True
17,2022-01-01 00:00:17,0.6793295194105275,0.7273355300862028,FTYdLqFUIx,False
18,2022-01-01 00:00:18,0.7294702159517881,0.5390192344279721,ImcBSOoiJn,True
19,2022-01-01 00:00:19,0.34667352208519675,0.2938432023391654,cGhahtwCKm,True
20,2022-01-01 00:00:20,0.655919000161705,0.17564917822602844,paKHqGKjeM,True
21,2022-01-01 00:00:21,0.42317667673235004,0.26598087511931867,OEVSnqQQuE,True
22,2022-01-01 00:00:22,0.8038116928157186,0.9603241461657783,AxGfNEMugk,True
23,2022-01-01 00:00:23,0.06964147183088787,0.9283739972403763,zVvRXSzenp,True
24,2022-01-01 00:00:24,0.779571958026705,0.34462730350009585,jBKCtJNDnG,True
25,2022-01-01 00:00:25,0.2663532295281301,0.006997006481094581,RGNbGnTGNd,False
26,2022-01-01 00:00:26,0.2137914501028242,0.2826542006941337,zqcmMrrMMS,True
27,2022-01-01 00:00:27,0.4857873851188672,0.2792887195013457,frPzZCYRoZ,False
28,2022-01-01 00:00:28,0.42143789736712145,0.8902319896360115,dOXqMLxOys,True
29,2022-01-01 00:00:29,0.6035388014333315,0.817908833427639,QdFFxBkGms,True
30,2022-01-01 00:00:30,0.6091487092003129,0.895927629736665,IWvobvthIi,True
31,2022-01-01 00:00:31,0.5015365937612191,0.43356399177411653,BSDhphSCAT,True
32,2022-01-01 00:00:32,0.15965603094037972,0.6749048712328404,GxsiLZnpQs,False
33,2022-01-01 00:00:33,0.5801692103616203,0.3200561123205601,KOSEFUkMHe,False
34,2022-01-01 00:00:34,0.8585891169303442,0.4209834896559068,kYSyhwQySl,False
35,2022-01-01 00:00:35,0.2850952937853448,0.8277110118817902,wHqdAZTrYG,True
36,2022-01-01 00:00:36,0.5332567070252378,0.8899959303669357,hpAhozelCi,False
37,2022-01-01 00:00:37,0.47439695660932857,0.6563994835176972,wmeLMlzOtG,True
38,2022-01-01 00:00:38,0.4520074450281616,0.30900107643410846,SeOPjXeqRd,False
39,2022-01-01 00:00:39,0.514019004427371,0.8516161645759656,TYVffBjOJJ,False
40,2022-01-01 00:00:40,0.6156013197056307,0.13358541912334776,CWgekZvMTa,False
41,2022-01-01 00:00:41,0.8346360985623471,0.23662540233991358,dnEwjbFIEd,False
42,2022-01-01 00:00:42,0.4413075596569306,0.09649347092048355,aoPCIjGmXk,True
43,2022-01-01 00:00:43,0.07590796906598762,0.44122730098544516,LZZrjcPXiA,True
44,2022-01-01 00:00:44,0.07722913071370985,0.13332106970994917,GPMrcrLtfC,True
45,2022-01-01 00:00:45,0.057340630135515935,0.5794674921817935,xYskwuzXPf,False
46,2022-01-01 00:00:46,0.19458439930159988,0.7675697047834671,ZagoutZLUB,False
47,2022-01-01 00:00:47,0.345274299485659,0.8205476334609159,QVdjgzEwaz,False
48,2022-01-01 00:00:48,0.2763919998477188,0.3604259873973048,QUNzLTVrKf,False
49,2022-01-01 00:00:49,0.9891761299502366,0.9831585373836266,vhzBwrvUku,False
50,2022-01-01 00:00:50,0.813691736516347,0.37536377720152647,SekMrueNmC,True
51,2022-01-01 00:00:51,0.3404597825178396,0.1154854201920239,KEOBnvAzCx,False
52,2022-01-01 00:00:52,0.020506255919908845,0.08784965990222238,ZAGCfBEmWE,True
53,2022-01-01 00:00:53,0.04936272002419739,0.12168876711762822,YRpWJNTlaV,False
54,2022-01-01 00:00:54,0.19955973505200075,0.6033509962642118,zhUTQKMBTW,True
55,2022-01-01 00:00:55,0.8735752085558779,0.529686440186021,FVfNoscbGu,True
56,2022-01-01 00:00:56,0.9375247625927692,0.9362369778267202,iFIKackxaw,True
57,2022-01-01 00:00:57,0.5545121805053626,0.23412126013958945,RAJKdWpXDH,True
58,2022-01-01 00:00:58,0.3633524926269911,0.6815587037187226,biqOqkFvYF,False
59,2022-01-01 00:00:59,0.37248007247986126,0.9556389190370714,KTtbEURrOY,True
60,2022-01-01 00:01:00,0.3728737661776169,0.747770611156524,jPSRbmoLWr,True
61,2022-01-01 00:01:01,0.7806571395181777,0.49800466122572173,vinqSPCKFk,False
62,2022-01-01 00:01:02,0.682011150224293,0.9208915875999434,DVmWhBnonb,False
63,2022-01-01 00:01:03,0.6825486224529959,0.6412198172105433,hjkTcDOPVU,True
64,2022-01-01 00:01:04,0.057603114328365956,0.0022902349423942203,iNByASaYce,False
65,2022-01-01 00:01:05,0.8779413650288199,0.5302562424454552,UvmhxVkESe,True
66,2022-01-01 00:01:06,0.026672826970281838,0.35461040114649023,WXKpaAcfdd,False
67,2022-01-01 00:01:07,0.814113958416238,0.24494419598274397,jEhbyzkuSV,True
68,2022-01-01 00:01:08,0.4856699562851383,0.8275607246459716,rrxhFONkCM,True
69,2022-01-01 00:01:09,0.12434502212783693,0.33751198271279237,VlOlXahtHU,False
70,2022-01-01 00:01:10,0.29199729410714337,0.05091347466352225,NhPaEAaMZF,False
71,2022-01-01 00:01:11,0.9648077236751641,0.8513645118455301,CUupXsuqzt,False
72,2022-01-01 00:01:12,0.6164077583804735,0.592845559493491,afNVXXKQfG,False
73,2022-01-01 00:01:13,0.5889285067723584,0.6943996351196297,aMONTQpGvb,False
74,2022-01-01 00:01:14,0.01605402096959807,0.15329485977259505,EfMPxmrMVA,True
75,2022-01-01 00:01:15,0.19268079165241525,0.29418599045063154,IgEyGapMKA,True
76,2022-01-01 00:01:16,0.17882834008619097,0.3453798243970648,uKkarSZLyo,True
77,2022-01-01 00:01:17,0.8979322633082599,0.33830721370510564,KTJRofsynF,False
78,2022-01-01 00:01:18,0.28763023826831857,0.9793885914010723,wZmNqYIlzJ,True
79,2022-01-01 00:01:19,0.8718441919357973,0.15204135581805966,ZaToBUQtrj,False
80,2022-01-01 00:01:20,0.4985026874447894,0.3213993732369157,sjnWKzvopf,True
81,2022-01-01 00:01:21,0.12631956932550836,0.2225130650454208,wzrtibhPnJ,False
82,2022-01-01 00:01:22,0.8048122815036816,0.19449378912877557,HFngqycIQA,False
83,2022-01-01 00:01:23,0.9993630207210401,0.07594708512911041,PPJJQeGXGn,True
84,2022-01-01 00:01:24,0.34659203177102416,0.9039699724879183,qwvpLWodxM,True
85,2022-01-01 00:01:25,0.08867009324197461,0.859753403335581,HstoyvMqBw,True
86,2022-01-01 00:01:26,0.8621230005684762,0.42608549064036494,ByGyBOrRai,False
87,2022-01-01 00:01:27,0.9492273663967393,0.10834953809759529,dQACbtQxZU,False
88,2022-01-01 00:01:28,0.1837099379507876,0.7748923623281792,hCxAHGmgBV,True
89,2022-01-01 00:01:29,0.9952503600949703,0.929830193800934,zYIWuNfwhE,True
90,2022-01-01 00:01:30,0.6339260964870117,0.5672992846082916,ytFkyCcNRq,True
91,2022-01-01 00:01:31,0.6720737812088711,0.9841731376868047,yzEgTygqYC,False
92,2022-01-01 00:01:32,0.13880794516578343,0.8709338779387533,YUmXlCnOsL,False
93,2022-01-01 00:01:33,0.9714771489774461,0.08459538819726475,IDPNoCNsYF,True
94,2022-01-01 00:01:34,0.5959772695371577,0.45932400432655174,wdpHwmfCxU,True
95,2022-01-01 00:01:35,0.30509614860567336,0.8955931918996157,JEoMqPAJoT,True
96,2022-01-01 00:01:36,0.8509884164711968,0.7038172186455229,pKnrXuWcsN,True
97,2022-01-01 00:01:37,0.30129078559950506,0.750118532659185,sKpvfodBqS,True
98,2022-01-01 00:01:38,0.22966539850155787,0.024636390455389012,kBHCGtbUKq,True
99,2022-01-01 00:01:39,0.3029891554224037,0.6213849731508272,hddcXfkxvz,False
100,2022-01-01 00:01:40,0.4362861957816462,0.4796953460915726,LTpYTMDNga,True
101,2022-01-01 00:01:41,0.15575155453311118,0.04156473740891253,nomPjONZRC,False
102,2022-01-01 00:01:42,0.7962009683924332,0.3370420570327427,fjPeJJVSHg,True
103,2022-01-01 00:01:43,0.8065327006612928,0.8279625558917131,CToBirxRlO,True
104,2022-01-01 00:01:44,0.9215401603524385,0.8941116791943874,kuKaHXtsYK,True
105,2022-01-01 00:01:45,0.43651342220443756,0.6080651201745343,iPbwHKHyvT,False
106,2022-01-01 00:01:46,0.6181786739830573,0.6469955002399422,iAMxTzFtdD,False
107,2022-01-01 00:01:47,0.23130426329819853,0.6678925607546455,ahsaEukZmD,False
108,2022-01-01 00:01:48,0.028624363388746965,0.9506313392331743,seneQZsxsy,False
109,2022-01-01 00:01:49,0.32218000126100277,0.564513664489786,cyIFLozOda,False
110,2022-01-01 00:01:50,0.8488545813156636,0.9336829368476526,YWmctigovt,True
111,2022-01-01 00:01:51,0.2152867128671745,0.14512789646629443,hHAXeHlsyO,True
112,2022-01-01 00:01:52,0.8301056291718819,0.40745362444198285,qNcmrEccMi,False
113,2022-01-01 00:01:53,0.25437303630731023,0.866586929463537,frJGPGdNJo,True
114,2022-01-01 00:01:54,0.6786128050454574,0.955390317470886,yaZelrIKUQ,False
115,2022-01-01 00:01:55,0.0832306147389289,0.5852754053645348,iTVaxvzGOF,False
116,2022-01-01 00:01:56,0.6129703768972943,0.4726335622581047,mJuEHxcDUa,True
117,2022-01-01 00:01:57,0.8394033800999916,0.6165251659477659,dUisreplon,True
118,2022-01-01 00:01:58,0.9379336222849612,0.6332077119244389,icjcYdJwBK,False
119,2022-01-01 00:01:59,0.38353481904319153,0.5869046141564982,LZTGySRHcl,True
120,2022-01-01 00:02:00,0.7732063231689331,0.6728683134393787,lWKMWFPmld,False
121,2022-01-01 00:02:01,0.47932351606726287,0.9213632036367337,UikFyHxzWv,True
122,2022-01-01 00:02:02,0.29666431713916563,0.6410476229351414,KublNKIRRl,False
123,2022-01-01 00:02:03,0.1435624459027799,0.9067598865481166,RybonVJHJY,True
124,2022-01-01 00:02:04,0.20992068297113387,0.44732477804288917,CqxAYTLTwC,True
125,2022-01-01 00:02:05,0.2558768169335347,0.22615154778314173,CIwIvrLdiE,False
126,2022-01-01 00:02:06,0.08918271233794206,0.4926693390983773,PffROEKYbN,True
127,2022-01-01 00:02:07,0.6579840613525839,0.09342564643890716,FJTkYwvuCT,False
128,2022-01-01 00:02:08,0.7317894876968961,0.6463999856760585,GmNUTMfQGC,True
129,2022-01-01 00:02:09,0.9749357202775275,0.8073732380661987,BmxvWVrKrT,False
130,2022-01-01 00:02:10,0.5951531124595475,0.6827154660644654,kxSTOnkMFn,False
131,2022-01-01 00:02:11,0.6566569530056167,0.6200762485062938,FAFwPOaHGr,True
132,2022-01-01 00:02:12,0.14625533866223805,0.38636672283487283,cuNwAJcvPB,True
133,2022-01-01 00:02:13,0.31229951123187527,0.9753211091818043,mnrIivssAY,False
134,2022-01-01 00:02:14,0.9985702385683409,0.6990489921342669,vulqxOrqUo,False
135,2022-01-01 00:02:15,0.9453800785348276,0.23526778507660517,FjYzomvpOL,False
136,2022-01-01 00:02:16,0.29658285445815846,0.21224392594674057,sjTJPEImKs,False
137,2022-01-01 00:02:17,0.8231830823598624,0.38848901236759714,EOojCHgOgP,False
138,2022-01-01 00:02:18,0.9284367322251836,0.3761476713016889,lYxOmJJQYt,True
139,2022-01-01 00:02:19,0.17865064629379512,0.526177772217685,BVkICmkVaU,True
140,2022-01-01 00:02:20,0.34818411277374894,0.5804038068725731,OFmRwvvLSS,True
141,2022-01-01 00:02:21,0.3984320043942987,0.5373763807958197,ZoAarTpzIg,True
142,2022-01-01 00:02:22,0.8051469511499721,0.9317312197255374,tlbspzpVrn,True
143,2022-01-01 00:02:23,0.5823518543725363,0.978786015393202,aYVNVgsPpv,False
144,2022-01-01 00:02:24,0.9496968319683317,0.64220614453786,czAHsGinwe,False
145,2022-01-01 00:02:25,0.5417087100747506,0.2552835446706607,LkDOIobkyR,False
146,2022-01-01 00:02:26,0.15845372267751823,0.5380823272895008,bueIRSBsTw,True
147,2022-01-01 00:02:27,0.06195257261084586,0.617763486920204,vtNcNuQiil,True
148,2022-01-01 00:02:28,0.8105665429813548,0.9174423762089664,SdaaGUDdNI,False
149,2022-01-01 00:02:29,0.12994805357514128,0.7356107578687753,dKaKPRoXHV,True
150,2022-01-01 00:02:30,0.7487678235276598,0.897060174942711,pNRQCATIHa,False
151,2022-01-01 00:02:31,0.7880685559354054,0.9955869977383889,TjHuypdrXt,False
152,2022-01-01 00:02:32,0.19150417442886136,0.8486503125996948,GWAPPoUQbw,True
153,2022-01-01 00:02:33,0.9844221307958694,0.5547420821809209,aowoVnJyIz,False
154,2022-01-01 00:02:34,0.9505816990341738,0.2751342885849788,bbrvEKjuEJ,True
155,2022-01-01 00:02:35,0.809943338799157,0.7410926135417701,YUqJvHATSg,False
156,2022-01-01 00:02:36,0.5149947466686584,0.8139432090044205,SRKnaJMZju,True
157,2022-01-01 00:02:37,0.07156368815192593,0.031163699142479184,ZsgLViLRjB,True
158,2022-01-01 00:02:38,0.0603432730828769,0.5833503028503296,iZMOimsPHe,True
159,2022-01-01 00:02:39,0.27995410424926104,0.5478106164785803,PShGUKGDQt,False
160,2022-01-01 00:02:40,0.5113974923461766,0.7905015365713446,lpKqCKmOvS,True
161,2022-01-01 00:02:41,0.7984508597089717,0.4939161296092721,fsBFbGptPF,False
162,2022-01-01 00:02:42,0.13080619524713877,0.17799985679392427,uKhzrEncLk,False
163,2022-01-01 00:02:43,0.19241395560930585,0.9895443177536453,ZTpqxyaige,False
164,2022-01-01 00:02:44,0.9114435926914904,0.49772110866999153,QRxooiBxgU,True
165,2022-01-01 00:02:45,0.9953240918017636,0.6215121590423432,fTGvxcZlmi,False
166,2022-01-01 00:02:46,0.8440680265147835,0.5770023305911619,VfgtElmrkT,True
167,2022-01-01 00:02:47,0.11365838305665044,0.9568881916961568,sMAbYsGQxt,False
168,2022-01-01 00:02:48,0.12318259165154688,0.2609690061962747,QOrURpaAuo,True
169,2022-01-01 00:02:49,0.01601084369545447,0.9085985854608982,jfoEWXOUdF,False
170,2022-01-01 00:02:50,0.6436670221067985,0.37928808253330326,OqmStTpHdd,True
171,2022-01-01 00:02:51,0.28044035900893727,0.004381759041771738,YfeMbwWkzQ,False
172,2022-01-01 00:02:52,0.38935046756468406,0.9681458620805442,yhLnrDztYm,True
173,2022-01-01 00:02:53,0.3558392890787119,0.08087325581406268,pVOugsWqsL,False
174,2022-01-01 00:02:54,0.03201023449954965,0.10605110584056276,LQqwOzlzaD,True
175,2022-01-01 00:02:55,0.4295148335073872,0.24834995960244266,DLVzhmQdNw,False
176,2022-01-01 00:02:56,0.25211286458586124,0.3483241401837385,FSxzpRBQIF,True
177,2022-01-01 00:02:57,0.22836425825808238,0.7087276754225292,nCaryEKvxh,False
178,2022-01-01 00:02:58,0.2299735972443696,0.020278998082259414,pfqVgnfxPI,True
179,2022-01-01 00:02:59,0.43942303286421824,0.7806298503911333,juyyfIgTOf,False
180,2022-01-01 00:03:00,0.5004246682125123,0.9986236463872072,kphXBKCElS,False
181,2022-01-01 00:03:01,0.8912461462470772,0.027396285096274897,SCfMTXkSvW,True
182,2022-01-01 00:03:02,0.12067410266508127,0.19047501017372792,mhoEsjAdsp,False
183,2022-01-01 00:03:03,0.6282214965022411,0.8026443383859486,XlaDFlYoIX,False
184,2022-01-01 00:03:04,0.45951085792920077,0.016524612009501505,NETxbQQlwe,True
185,2022-01-01 00:03:05,0.3021325683003939,0.0308823764020707,bigMDirMGn,False
186,2022-01-01 00:03:06,0.4215262757938628,0.9386318624129959,GmpHexHqbW,True
187,2022-01-01 00:03:07,0.18006161510983665,0.7589338172204609,EfvpOYjQeF,True
188,2022-01-01 00:03:08,0.4620928121902744,0.1416260159703111,hJDswEWrnI,True
189,2022-01-01 00:03:09,0.16596303551356228,0.778576966457599,WWECfijiBX,True
190,2022-01-01 00:03:10,0.06916339861100307,0.941686772104293,DAzGmAJiwk,True
191,2022-01-01 00:03:11,0.5365889486354563,0.2305519455615408,JgGdnRifCx,True
192,2022-01-01 00:03:12,0.6449854700299098,0.37509923611757323,jgmRzJmmMP,False
193,2022-01-01 00:03:13,0.7353992733874011,0.9417682093974185,huoZwiQqet,False
194,2022-01-01 00:03:14,0.22963561535896826,0.33251449770306674,UGvEXbDTAd,True
195,2022-01-01 00:03:15,0.2859927892736607,0.28186846668774335,LQNsLvvLrz,False
196,2022-01-01 00:03:16,0.5067283976950123,0.5746715862503787,YofCUsfwYV,True
197,2022-01-01 00:03:17,0.4926427390508652,0.06926157442286707,tdXnjlMNYr,True
198,2022-01-01 00:03:18,0.8889456893986758,0.9078920830018522,TxuJQQlfyu,False
199,2022-01-01 00:03:19,0.24365882284256024,0.0049690705969285265,bMjgaxmogv,False
200,2022-01-01 00:03:20,0.9307434728499604,0.4591261278868858,EctvSldQLC,True
201,2022-01-01 00:03:21,0.19666025840979595,0.5124271891052337,KMhWpLVUDk,True
202,2022-01-01 00:03:22,0.5502044074799677,0.21063115799576226,PwCrLNJtVA,True
203,2022-01-01 00:03:23,0.5863785523137484,0.9944809456051529,mGYCtcLmwa,True
204,2022-01-01 00:03:24,0.3933832282380828,0.3610124142831952,fAcugIdVtJ,False
205,2022-01-01 00:03:25,0.2653319314609861,0.1618112923809657,RJJmFNjKLu,True
206,2022-01-01 00:03:26,0.9100619503570331,0.8554218495923085,vXzxSSSPXy,True
207,2022-01-01 00:03:27,0.9008923138791124,0.8994804527697807,OJxQtOKvXP,True
208,2022-01-01 00:03:28,0.47491964794717756,0.6727005223029717,isOtfJPLdq,False
209,2022-01-01 00:03:29,0.7866457365595279,0.6128392909900438,JbbhDZtTvI,True
210,2022-01-01 00:03:30,0.5068992274286078,0.8799905645623819,oBdwvSiEtO,True
211,2022-01-01 00:03:31,0.6474634343478329,0.6545730759861523,RLuhSXNTjY,False
212,2022-01-01 00:03:32,0.1933436543529672,0.9632065120549392,yQsZZgvnHc,True
213,2022-01-01 00:03:33,0.0057786030045761105,0.20452110094905784,otRLlXWdmO,True
214,2022-01-01 00:03:34,0.008011987398566234,0.07560391760014629,wilsGiHVyg,True
215,2022-01-01 00:03:35,0.7882569444013159,0.1072205031207003,UFYIVubjLC,True
216,2022-01-01 00:03:36,0.452431358017358,0.5729039056232186,mJCeFCJhnl,False
217,2022-01-01 00:03:37,0.2698551964608825,0.5474947524376255,TvSkKcyOQy,True
218,2022-01-01 00:03:38,0.6794752782679702,0.07549758501625914,pVgcBSAVmb,False
219,2022-01-01 00:03:39,0.3855511005965545,0.344810089654192,woQkQoSmCi,True
220,2022-01-01 00:03:40,0.8515398421800134,0.03653342473523202,dMFSsHatNi,False
221,2022-01-01 00:03:41,0.9773032046961807,0.7244049551777644,UpYOkZZRpe,True
222,2022-01-01 00:03:42,0.8985020165063211,0.5560407133851059,RiBFXxQdlL,True
223,2022-01-01 00:03:43,0.33908422251893344,0.6687455622289478,GxNnxWqgoe,True
224,2022-01-01 00:03:44,0.5194189345523604,0.3252155718161889,JenzryuonB,False
225,2022-01-01 00:03:45,0.22913207123494128,0.7774574162139576,EMosqGefSY,True
226,2022-01-01 00:03:46,0.922207243613215,0.7522600536796346,FETEepzwWX,False
227,2022-01-01 00:03:47,0.7482809008208196,0.032252154637557595,dvuOiKxckI,False
228,2022-01-01 00:03:48,0.8724210159793369,0.6467431749477465,jzZtohBHux,True
229,2022-01-01 00:03:49,0.9184051342837959,0.4368651527294489,eFEMFnvrMa,True
230,2022-01-01 00:03:50,0.8662814239337583,0.9193063839732751,ewnqhcQupJ,False
231,2022-01-01 00:03:51,0.6081592481869874,0.8116472502441374,uJKaHicGqr,True
232,2022-01-01 00:03:52,0.7423557405119351,0.9854160301468932,iGLhvOgSsj,True
233,2022-01-01 00:03:53,0.8931288857701016,0.09467067727897738,ixjdplfiwS,True
234,2022-01-01 00:03:54,0.020015344346621666,0.15150784498409942,PXGMhqnDpw,True
235,2022-01-01 00:03:55,0.43136977623483874,0.6112169853426531,nZpFQmGfrD,True
236,2022-01-01 00:03:56,0.5090021439010486,0.7267487705449749,RUdvcqNulp,False
237,2022-01-01 00:03:57,0.4888216546720885,0.4157712126793728,NmaSseVRqs,False
238,2022-01-01 00:03:58,0.46913122579020616,0.11936061098658357,UiRXLisgIA,True
239,2022-01-01 00:03:59,0.31633992921249343,0.6132360061779176,wgTNiEJqvy,True
240,2022-01-01 00:04:00,0.3035382539260856,0.06960791271627842,RYhDCAsBDO,True
241,2022-01-01 00:04:01,0.3342402950477531,0.26439901586279313,mguUTwYyid,False
242,2022-01-01 00:04:02,0.5434240117661185,0.4183856771177773,hDnlneEyhL,False
243,2022-01-01 00:04:03,0.9643145817432578,0.4055909433061312,CFIzWEljTR,True
244,2022-01-01 00:04:04,0.2955223222871627,0.809171080115164,XJULNimArZ,True
245,2022-01-01 00:04:05,0.6788612254305861,0.635839863386894,nkvoRqlNKF,True
246,2022-01-01 00:04:06,0.7873099102863584,0.02187639605906011,xnbjidtFRm,False
247,2022-01-01 00:04:07,0.3607847096864303,0.06910030231167053,vhvepgUwYH,True
248,2022-01-01 00:04:08,0.8964895286935741,0.033761289589418486,hSgapANNsh,True
249,2022-01-01 00:04:09,0.5526280097915517,0.7423007851385296,ubnCljrxsj,True
250,2022-01-01 00:04:10,0.6662649343870025,0.4212187155769427,ULkjshcEbL,True
251,2022-01-01 00:04:11,0.6182247733050621,0.12227689321761526,kwKsuPDKzh,True
252,2022-01-01 00:04:12,0.9000347686043665,0.9041131640363216,pKlIiyTuCD,True
253,2022-01-01 00:04:13,0.3032421801825692,0.6909988552385702,cpmMKnamoi,False
254,2022-01-01 00:04:14,0.901979952979236,0.762232764934523,TSMwjmklyH,False
255,2022-01-01 00:04:15,0.7620672872210802,0.19415603953245197,GWPFNDQYOC,True
256,2022-01-01 00:04:16,0.2534362065547091,0.04419248551733934,PKVlMVzpPG,False
257,2022-01-01 00:04:17,0.5378618169069344,0.019194268856641106,sXsrgJtgIX,False
258,2022-01-01 00:04:18,0.9807427913035679,0.5271679273712928,ePNdQrfQws,False
259,2022-01-01 00:04:19,0.05413644810338347,0.6633289519311346,wusKwCLyng,False
260,2022-01-01 00:04:20,0.6453790915081771,0.7424439449381958,lsFEROwaTF,False
261,2022-01-01 00:04:21,0.8778200138251798,0.7993115107277761,RHjwQgWPlU,True
262,2022-01-01 00:04:22,0.5151727246522073,0.6301697223919493,dfQQDiMDHb,False
263,2022-01-01 00:04:23,0.9298949029129413,0.9981263334093688,tYtXziZlea,True
264,2022-01-01 00:04:24,0.5155539807334972,0.6629167512397636,kQIjRIVFqx,True
265,2022-01-01 00:04:25,0.24866967959138708,0.5293400205735155,mhvvHPkiDO,False
266,2022-01-01 00:04:26,0.8892891277905429,0.7517214284443804,SkdCoBQOWO,False
267,2022-01-01 00:04:27,0.07919901437897059,0.7367302745350686,luupaawnYO,True
268,2022-01-01 00:04:28,0.19698001598963688,0.28046733380666744,YhPUOwulyd,False
269,2022-01-01 00:04:29,0.8416238583237232,0.6428488074925726,wphHfwBCup,True
270,2022-01-01 00:04:30,0.5520071530197316,0.21518749390650682,yMqxNZbsAb,False
271,2022-01-01 00:04:31,0.10416081104752695,0.8572026365473381,vMrDyLJknp,False
272,2022-01-01 00:04:32,0.8144225480955709,0.49006708593608517,PTsHcDAWIs,True
273,2022-01-01 00:04:33,0.2804639431598118,0.24453853289010175,uRAqvKmlpo,False
274,2022-01-01 00:04:34,0.6037762574779876,0.10084433264105719,yRWBxOSOfh,True
275,2022-01-01 00:04:35,0.546126469296286,0.5137649496294916,rRsllSnhVY,True
276,2022-01-01 00:04:36,0.7806861981782738,0.13465013895836409,bZXPutFvCG,True
277,2022-01-01 00:04:37,0.8452569027402583,0.27158416899771,KMuiaJaSnN,True
278,2022-01-01 00:04:38,0.575470186324225,0.7216117354813101,CQOHNAJgvn,True
279,2022-01-01 00:04:39,0.6549679617196127,0.454554413778136,ZggUgARPba,True
280,2022-01-01 00:04:40,0.5886517680615125,0.6346278446522359,NgiKVIxLyt,False
281,2022-01-01 00:04:41,0.5790465977218165,0.3685596660685948,QPNaPNDEGm,False
282,2022-01-01 00:04:42,0.9736837890183478,0.6292649010872591,kbVAlObnUy,False
283,2022-01-01 00:04:43,0.38845701846693736,0.041171367334790876,jiVqjVjKEP,True
284,2022-01-01 00:04:44,0.3339511826768987,0.3993416863811139,FOLRKmIrqz,False
285,2022-01-01 00:04:45,0.3468398856948347,0.6031267559549505,kDVWqOHAWD,True
286,2022-01-01 00:04:46,0.7618413785932994,0.44508185495281183,yBTEhsvikk,False
287,2022-01-01 00:04:47,0.6809301377764189,0.5851398719718446,qcEgUmNKoK,True
288,2022-01-01 00:04:48,0.8923535098749781,0.35225367426166065,RFjwYKYnKI,False
289,2022-01-01 00:04:49,0.06773578963036075,0.7003690293942133,dfHvYeKieV,True
290,2022-01-01 00:04:50,0.8282150889136156,0.43652253489057447,TxiTMDydkQ,False
291,2022-01-01 00:04:51,0.37909515572532004,0.4623175088127145,yMYunPkrdm,False
292,2022-01-01 00:04:52,0.9318098136702844,0.4951424399498816,ZCOqMUpQmp,True
293,2022-01-01 00:04:53,0.5722932333339094,0.5917973909935906,DnpRzkkkBd,True
294,2022-01-01 00:04:54,0.13216579795616457,0.0011950713760437992,XYyuVvahpV,True
295,2022-01-01 00:04:55,0.2660046504314816,0.4983739113180391,SPBjuiCgJl,False
296,2022-01-01 00:04:56,0.12426543682847935,0.7746546315174214,FnvbDlLWhA,False
297,2022-01-01 00:04:57,0.11815289302999477,0.41606576724264155,gKXxquxcsm,True
298,2022-01-01 00:04:58,0.9794957086371598,0.4244441967885061,zONUlYJAwV,False
299,2022-01-01 00:04:59,0.4792726276151088,0.16773744636792753,hzlnjLQVzt,False
300,2022-01-01 00:05:00,0.8584487567016795,0.9722196244174152,xgJNUTGVaO,True
301,2022-01-01 00:05:01,0.2698334992121074,0.11269314046486423,TmzkBZaqFH,False
302,2022-01-01 00:05:02,0.7748242100168375,0.7840900897933452,JZLUMkGzeQ,True
303,2022-01-01 00:05:03,0.8750647901552278,0.38751840385318603,qIcxZNRrHP,False
304,2022-01-01 00:05:04,0.3420467201178067,0.14810558335377066,wnUqrCCwDX,False
305,2022-01-01 00:05:05,0.850039972668761,0.8389010217839641,AryclxDqzy,True
306,2022-01-01 00:05:06,0.4781262394638103,0.7029844258304937,mwiEXfeOIc,False
307,2022-01-01 00:05:07,0.6060481906755004,0.3216342800158791,nuIiPlnluN,True
308,2022-01-01 00:05:08,0.7227515998402076,0.2948104975160175,iwSpCtdHpr,True
309,2022-01-01 00:05:09,0.2729065999250443,0.4416777039192503,VJZtffvOIo,True
310,2022-01-01 00:05:10,0.8297495902074032,0.9974536469705664,ThGxeylkja,False
311,2022-01-01 00:05:11,0.963101455955344,0.09218396581277266,UdtvUrodhO,True
312,2022-01-01 00:05:12,0.41639922375964455,0.09585222657243453,tQWyVmKyQI,True
313,2022-01-01 00:05:13,0.32846407054840576,0.9812374923820338,TeqiIEHyiY,True
314,2022-01-01 00:05:14,0.453686473173448,0.8351916057349231,gOXPVgZLep,True
315,2022-01-01 00:05:15,0.21612432747301935,0.35631616036911995,vyBznrlhKx,False
316,2022-01-01 00:05:16,0.9809918830916408,0.11158981732633344,UVOyNhYhOA,True
317,2022-01-01 00:05:17,0.4124567845410426,0.043868733399301196,JZRsFUrpPd,True
318,2022-01-01 00:05:18,0.7577053955372365,0.9664072656881585,uXSmsuFcxz,True
319,2022-01-01 00:05:19,0.17042603174390403,0.6064180865052767,gvbgkoSADp,True
320,2022-01-01 00:05:20,0.9051171071675072,0.9868981321280497,LFgdoKEAIE,False
321,2022-01-01 00:05:21,0.20799690862912634,0.746423430137035,pOuzgZOiDd,False
322,2022-01-01 00:05:22,0.46583064339981295,0.0323557456308835,HPjyPrEaki,False
323,2022-01-01 00:05:23,0.7780623071461936,0.6050963388855833,JUlnwSsqlS,True
324,2022-01-01 00:05:24,0.5911626034096218,0.40922479901751296,HqsihqDZci,False
325,2022-01-01 00:05:25,0.024877257443229328,0.08159424878138766,BuRvErzvob,False
326,2022-01-01 00:05:26,0.40077645294489883,0.5335445766111021,pipOvIKUtf,True
327,2022-01-01 00:05:27,0.9351601775440185,0.8932153800377282,jbfJrnjkJn,True
328,2022-01-01 00:05:28,0.11614747285137639,0.8057843840033705,TSxltYjsSS,False
329,2022-01-01 00:05:29,0.48952832188790807,0.3589531074782494,KKfgXeTqNL,False
330,2022-01-01 00:05:30,0.09634133051768845,0.9784912279573239,AptDhvvzor,False
331,2022-01-01 00:05:31,0.17517485947663025,0.6950686807941842,ZqwJZjXJgu,True
332,2022-01-01 00:05:32,0.7936752595262956,0.8807995103706544,UeGoUcTqyZ,False
333,2022-01-01 00:05:33,0.8232717292766697,0.37617621118085665,xhEvhFRfcN,True
334,2022-01-01 00:05:34,0.9855705971132707,0.46758171850121444,YEnMfpnfoY,True
335,2022-01-01 00:05:35,0.9011909036821834,0.25005725896779807,pzVqIpLXYQ,True
336,2022-01-01 00:05:36,0.5597279058580472,0.5136926397524004,iYTiJDwiSm,True
337,2022-01-01 00:05:37,0.7104606535147894,0.20649180718810156,lCMdBwatpR,False
338,2022-01-01 00:05:38,0.06205829943994701,0.8785231147513549,WQmYeiHBMx,False
339,2022-01-01 00:05:39,0.8910694022759702,0.8714859339845554,kTVnorkoAH,False
340,2022-01-01 00:05:40,0.9775620061750099,0.32679502642453295,jsPLGHGWcG,True
341,2022-01-01 00:05:41,0.2556180919349188,0.9650644525047452,BeisVcwoxO,True
342,2022-01-01 00:05:42,0.8981741855226058,0.30268053827513963,qHfQurpnLp,False
343,2022-01-01 00:05:43,0.17172151514428446,0.24121078380113903,angtocoOJa,True
344,2022-01-01 00:05:44,0.540537624819281,0.3106629353788324,OPpaYJEtFE,False
345,2022-01-01 00:05:45,0.07178156021409654,0.5979788349879843,qsQLGtWZYZ,True
346,2022-01-01 00:05:46,0.33776515909422755,0.7157055729640098,jKqfdcDkav,True
347,2022-01-01 00:05:47,0.35353379576853117,0.7087657282704827,wEHRfmWCJi,True
348,2022-01-01 00:05:48,0.5280912012852644,0.027137954397281727,iyRrNlKuFJ,True
349,2022-01-01 00:05:49,0.7814501624291537,0.8858153813902734,KNbsRqXnJg,True
350,2022-01-01 00:05:50,0.4152033321325468,0.319974421847508,zHOCBYmeqY,False
351,2022-01-01 00:05:51,0.4262353617391079,0.22792835711201176,HsbPPjXFue,True
352,2022-01-01 00:05:52,0.17111025239907274,0.2002629921895155,hjNBikWjaB,False
353,2022-01-01 00:05:53,0.4249413567287471,0.47152917608893796,xHaQHZSDjB,True
354,2022-01-01 00:05:54,0.3470780837804547,0.4808789432037358,SGfbdTicLH,True
355,2022-01-01 00:05:55,0.2697823409230121,0.647552368883333,oJVgchyQWJ,False
356,2022-01-01 00:05:56,0.8168804578262849,0.7132462662852727,pnUhnVuEpT,True
357,2022-01-01 00:05:57,0.10438871141486594,0.0799820004673123,vOdoLplASN,False
358,2022-01-01 00:05:58,0.3723199664220065,0.4279401325706883,mSXkGKngqu,True
359,2022-01-01 00:05:59,0.3654748755929369,0.10640513217943548,wVcGabkfxv,False
360,2022-01-01 00:06:00,0.8698478581015944,0.053986263971196435,lfxjECngJt,False
361,2022-01-01 00:06:01,0.3853673736789943,0.1377526376537751,MFSPaAgbBR,True
362,2022-01-01 00:06:02,0.04678614364207945,0.7148865647235896,nAJPTwySck,False
363,2022-01-01 00:06:03,0.18535230570892014,0.39155830624450283,jWrqsKXukY,False
364,2022-01-01 00:06:04,0.8297800839510889,0.9724053246316575,idzGdtLyRQ,True
365,2022-01-01 00:06:05,0.950574972942798,0.23626122676992323,nELnSHeDsy,False
366,2022-01-01 00:06:06,0.07950692556359207,0.010783893814002576,aVPwyINctN,True
367,2022-01-01 00:06:07,0.7218427716077673,0.2762908597166718,eMcSXxGkEN,True
368,2022-01-01 00:06:08,0.026624455347812104,0.06481082130719007,gKYfbqYGsd,True
369,2022-01-01 00:06:09,0.5208242227549357,0.3037529387383301,quDBTegMef,True
370,2022-01-01 00:06:10,0.6925260570767049,0.15298145881226766,BpLhqHaQdv,True
371,2022-01-01 00:06:11,0.7781806254309396,0.7212181650776937,ZysfSeJIWh,False
372,2022-01-01 00:06:12,0.963830930502624,0.840804682693323,VSQYZLVTfu,True
373,2022-01-01 00:06:13,0.01675714246982485,0.5566565265414184,IJNjWcffGF,False
374,2022-01-01 00:06:14,0.10762702657157419,0.05966001208309912,wCaBhdxtsF,True
375,2022-01-01 00:06:15,0.537551604625251,0.9534866894958108,quFWIwClaS,False
376,2022-01-01 00:06:16,0.150858560088018,0.44535208061828857,oWsYlZxmvE,False
377,2022-01-01 00:06:17,0.4417637819279059,0.8620104443055735,KpnXSNpXbU,False
378,2022-01-01 00:06:18,0.6683428778582792,0.8518595353665762,jfbBTUYHam,False
379,2022-01-01 00:06:19,0.6264289169640542,0.6577675159825449,zsTOAtXAZK,False
380,2022-01-01 00:06:20,0.9948116792395651,0.8837597271637134,PhkdZZPfEg,True
381,2022-01-01 00:06:21,0.506221143275544,0.2547277814506267,agTEvrztPS,True
382,2022-01-01 00:06:22,0.43934673262717105,0.32482072843355037,gyillBLdQA,False
383,2022-01-01 00:06:23,0.08438966299134754,0.131363601161253,ougQOCVXaF,True
384,2022-01-01 00:06:24,0.9513570602818123,0.5158328957821473,kflBWaVTrM,True
385,2022-01-01 00:06:25,0.6732832412688181,0.5023414912473697,GmABCuaMbu,True
386,2022-01-01 00:06:26,0.25289677761018503,0.9909617772594269,SeboDgQAmP,True
387,2022-01-01 00:06:27,0.8144859898512765,0.028963854157723845,koVLUVHNbS,False
388,2022-01-01 00:06:28,0.9499476895794547,0.016405343322908106,SFERrmUflQ,False
389,2022-01-01 00:06:29,0.21155982873118595,0.5652390350216361,svsgXnZGxZ,False
390,2022-01-01 00:06:30,0.6124848311973147,0.7835737789980654,IgVxAwJelR,False
391,2022-01-01 00:06:31,0.9343946160453034,0.7865914960812963,xPVPIBzjua,False
392,2022-01-01 00:06:32,0.49710554512182914,0.3854254706075487,oqDDXaAgUh,False
393,2022-01-01 00:06:33,0.1299537387750591,0.12064092244930025,kwcPwmCbGE,True
394,2022-01-01 00:06:34,0.03181704545961894,0.29467728439036056,dSXYCqiTcu,False
395,2022-01-01 00:06:35,0.6361356979189039,0.11212741693896455,twkRbEbwdI,False
396,2022-01-01 00:06:36,0.3059584549775203,0.846012052403811,nSakvuTmNz,True
397,2022-01-01 00:06:37,0.6631717098734694,0.795435766961627,SwgAaxNhgl,False
398,2022-01-01 00:06:38,0.8031331254810626,0.37584373478917854,sXYXSyjVKX,True
399,2022-01-01 00:06:39,0.505163214920256,0.0367981715840191,uWfZmudVPh,False
400,2022-01-01 00:06:40,0.4906408527944798,0.9037455355120896,uadAcaqFZD,True
401,2022-01-01 00:06:41,0.9023841822875823,0.27286076558778694,MgQKnPdpQo,False
402,2022-01-01 00:06:42,0.22200177563899526,0.8594034504183894,mQMkCtKDzB,True
403,2022-01-01 00:06:43,0.7963562522473445,0.8762640126660416,clvfBTglbb,True
404,2022-01-01 00:06:44,0.09340698200871189,0.85378637504133,LyilDqvOYA,False
405,2022-01-01 00:06:45,0.2126755017804136,0.9891386719183265,mbNTnQvwDb,True
406,2022-01-01 00:06:46,0.5828201870825166,0.8887745860807038,VEUtggtAXj,True
407,2022-01-01 00:06:47,0.24591361389931632,0.6827734255256415,eZkCBGfLCk,False
408,2022-01-01 00:06:48,0.1510225328442968,0.41634983148974347,smJOZBEGqN,False
409,2022-01-01 00:06:49,0.14807815056363227,0.7221420305414714,LXjdcQpbLP,True
410,2022-01-01 00:06:50,0.20140209762581807,0.293582523831009,YQYHvhKcQX,False
411,2022-01-01 00:06:51,0.6439657833354988,0.8734872672491886,otuCVsyGkW,False
412,2022-01-01 00:06:52,0.13583013038819602,0.9355439138464418,RSdcyQWqou,True
413,2022-01-01 00:06:53,0.2803538281817506,0.4372699037674428,MrFddZZFXT,False
414,2022-01-01 00:06:54,0.23787881436730096,0.9362551332076323,eDkEjsdMrR,True
415,2022-01-01 00:06:55,0.42885939986001964,0.7481716917179946,HcsWshKBEE,False
416,2022-01-01 00:06:56,0.23392922232942015,0.9831106760367608,FFrVLXVDTZ,False
417,2022-01-01 00:06:57,0.16028504111284714,0.3035605187300927,oUrKvyxYxD,True
418,2022-01-01 00:06:58,0.180892151007218,0.10997199230018284,bJZjFZEDNt,True
419,2022-01-01 00:06:59,0.8424080337165855,0.08653501721345624,VvAGvpeMIw,False
420,2022-01-01 00:07:00,0.8115455431747391,0.7267942410555747,hWsoEAqgqj,False
421,2022-01-01 00:07:01,0.6117854615637882,0.0674847767625103,onlDLavOgI,True
422,2022-01-01 00:07:02,0.46091094474168803,0.8882077463641533,nDINETJKwM,True
423,2022-01-01 00:07:03,0.16314987599670105,0.5639333748266473,EfjIdwTbvM,True
424,2022-01-01 00:07:04,0.3473422169240489,0.055230226550098904,KuuxwlbqOu,True
425,2022-01-01 00:07:05,0.6418879659927101,0.4340825946171756,bHjXJiDQeP,False
426,2022-01-01 00:07:06,0.8354230849758055,0.7093969898294336,wJusDMnqAM,False
427,2022-01-01 00:07:07,0.2239474097346208,0.15849705737775366,FDlxkADsCh,False
428,2022-01-01 00:07:08,0.08570112851730116,0.723608798530925,ZvlAjZGlfX,False
429,2022-01-01 00:07:09,0.24668586226693534,0.518940809363478,LjhycncPoT,False
430,2022-01-01 00:07:10,0.31636980400961756,0.18103946335243837,olfSyvnerI,False
431,2022-01-01 00:07:11,0.4636268937235136,0.44002608573872637,JTdAwdLaEU,False
432,2022-01-01 00:07:12,0.6151339440984581,0.5203797191623306,SLOaqfmUaV,True
433,2022-01-01 00:07:13,0.7724114028735946,0.6988830378927824,AFbfWWXqgA,False
434,2022-01-01 00:07:14,0.8982507599853016,0.30045365299473115,VBAPsGJsyi,False
435,2022-01-01 00:07:15,0.8718550539457117,0.16819197473655423,FscbKpVFiH,True
436,2022-01-01 00:07:16,0.7415217798275641,0.28469806018446064,aTlbeGsUoh,False
437,2022-01-01 00:07:17,0.25682632606433486,0.6301331714347739,ZoxigWhxrY,True
438,2022-01-01 00:07:18,0.3256097907548685,0.25119164429128704,NlXPQDurJU,False
439,2022-01-01 00:07:19,0.10118051470429923,0.8408880238173306,QqyHAOIxCx,False
440,2022-01-01 00:07:20,0.1159007673176573,0.10541295719494492,KpfQMhzBMU,True
441,2022-01-01 00:07:21,0.13629406214739936,0.8905757197051726,DbNLsEqxTj,False
442,2022-01-01 00:07:22,0.8742626674464216,0.679265984510043,vhDaHgypNd,False
443,2022-01-01 00:07:23,0.8245748542310181,0.8783710567195756,eRSpObySrw,True
444,2022-01-01 00:07:24,0.24613599873529224,0.22450521502316134,YsdBCDMcgi,True
445,2022-01-01 00:07:25,0.17800416590554846,0.37817262757415226,mIXGSdllUa,False
446,2022-01-01 00:07:26,0.2838440252254877,0.9927643563035131,jGXHrlpDtH,False
447,2022-01-01 00:07:27,0.6375516646673801,0.9255751878888407,JddogBBVYt,True
448,2022-01-01 00:07:28,0.3975320259577594,0.7484144286972612,XipdLISVTA,True
449,2022-01-01 00:07:29,0.2895585974516325,0.17354640166863455,sXWAIZMwKN,True
450,2022-01-01 00:07:30,0.6483521590618059,0.9308781807634271,iPjWJMMZGw,True
451,2022-01-01 00:07:31,0.5537204439616816,0.4279899024597972,KSrpKTvcgQ,True
452,2022-01-01 00:07:32,0.7672270043297096,0.9457067982066933,OlOfsNHdOP,True
453,2022-01-01 00:07:33,0.4196740896571891,0.9466550555982818,iVBHAleAMg,True
454,2022-01-01 00:07:34,0.24607638680984467,0.9084665910930507,UvjeVRoeWs,False
455,2022-01-01 00:07:35,0.09198084300841936,0.3133049755765954,xfXXniIZoB,False
456,2022-01-01 00:07:36,0.9803035848749788,0.3515402708908064,afjgquhEcL,True
457,2022-01-01 00:07:37,0.4032502177934306,0.6202297978274887,evPzXXgPVp,False
458,2022-01-01 00:07:38,0.2388558633624951,0.8833928782653339,HAflkxAamu,False
459,2022-01-01 00:07:39,0.14880978813714563,0.4495129218408488,LyXIUPkZhz,False
460,2022-01-01 00:07:40,0.21214714779750188,0.3303815696157629,kgeISkGMwW,False
461,2022-01-01 00:07:41,0.7852190595841305,0.3190489610868599,OEQgCWlIrp,False
462,2022-01-01 00:07:42,0.3463663834190298,0.7054845999573359,IEsddPyqjc,True
463,2022-01-01 00:07:43,0.49384226450601854,0.9760066071595681,zincDUeinr,True
464,2022-01-01 00:07:44,0.9089924742272684,0.6749155561041739,qcRVnjRHRv,True
465,2022-01-01 00:07:45,0.5641576699450244,0.5207019217787098,mAshqnUDrp,True
466,2022-01-01 00:07:46,0.3332646525247689,0.8842375433967494,SFLLLTaMki,True
467,2022-01-01 00:07:47,0.49006322276197933,0.15465533494055883,iCLRemQiMx,True
468,2022-01-01 00:07:48,0.5343632063349852,0.31986844797344416,yyuJUiwqcX,True
469,2022-01-01 00:07:49,0.022866656600855295,0.5375712601585036,ZnWfYGTYvf,True
470,2022-01-01 00:07:50,0.5209701616925144,0.5203002817489548,RtnFKJhNvP,False
471,2022-01-01 00:07:51,0.44506540550084384,0.38162726123438573,yuKPvDadZi,True
472,2022-01-01 00:07:52,0.5637508408503956,0.9197373810749223,gcWluCWveI,False
473,2022-01-01 00:07:53,0.16900931545678322,0.1741831053615126,WldqeqEGyf,False
474,2022-01-01 00:07:54,0.05249571750248194,0.3559516044402753,YpccAhsQSz,False
475,2022-01-01 00:07:55,0.27734715689027756,0.5059754698329257,rDDlPrabNX,False
476,2022-01-01 00:07:56,0.206342245074297,0.08178181350326985,paCuPLtDJU,False
477,2022-01-01 00:07:57,0.28445209621616674,0.5073400200777061,BKUUdJLKWL,False
478,2022-01-01 00:07:58,0.5755656323087246,0.1903778556977499,GeXIEYMiTS,True
479,2022-01-01 00:07:59,0.9067450511395843,0.07501729109874555,WPiDSXrpOo,False
480,2022-01-01 00:08:00,0.3278081223476311,0.042764860843149455,QGuvasBMVn,False
481,2022-01-01 00:08:01,0.5359765222121896,0.027913490966758103,fChMIpVsOJ,False
482,2022-01-01 00:08:02,0.7941246955522702,0.6181665920155336,nnglUulpoK,True
483,2022-01-01 00:08:03,0.320798839646794,0.2278085696139771,devGHplODM,True
484,2022-01-01 00:08:04,0.2942777148913458,0.5967341463229581,CjyQhVNnXf,True
485,2022-01-01 00:08:05,0.23533604897824623,0.99040041311945,tuqDbdVoRB,True
486,2022-01-01 00:08:06,0.6369381611087442,0.051602068551983016,zhwkhPrrbo,False
487,2022-01-01 00:08:07,0.35690739677282246,0.579307680300028,MnJEIyLfNF,True
488,2022-01-01 00:08:08,0.6631859476558692,0.6206902897534063,MdoihNyBlE,False
489,2022-01-01 00:08:09,0.41064625473696126,0.9904166087102491,wjNtKkCVVJ,True
490,2022-01-01 00:08:10,0.7253073656727467,0.7624173743856666,kYfroCYMLu,True
491,2022-01-01 00:08:11,0.283933712635589,0.8805519745568564,ZNbkAXsuzn,True
492,2022-01-01 00:08:12,0.8348129161731919,0.08705690418933265,GaeAcZBoLO,False
493,2022-01-01 00:08:13,0.36123682283946046,0.4364051669758001,KeCTAoYgfZ,True
494,2022-01-01 00:08:14,0.23070037555698297,0.9755118227926424,XqfjwzAJgA,True
495,2022-01-01 00:08:15,0.47253348292704067,0.02576592895438412,zSTppLgbsz,False
496,2022-01-01 00:08:16,0.8841382145799185,0.012577834750836958,GAKtsiUNfG,False
497,2022-01-01 00:08:17,0.3266231181205538,0.668497594854303,rFakooycle,True
498,2022-01-01 00:08:18,0.19208357946426957,0.6716353009304594,bQsKjWWZLG,False
499,2022-01-01 00:08:19,0.9790179092074862,0.3449347211498016,CYvtkXVuhq,False
